{"_type":"export","__export_format":4,"__export_date":"2023-11-17T13:16:11.600Z","__export_source":"insomnia.desktop.app:v2023.4.0","resources":[{"_id":"req_852bd45f1eee42c68d3f062b03a1c6c4","parentId":"fld_e926889e3e1941a9ab678b9936ed970e","modified":1700202145758,"created":1700121047100,"url":"localhost:8000/api/patients/add","name":"Add Patient","description":"","method":"POST","body":{"mimeType":"application/json","text":"{\n\t\"name\": \"სახელი7 გვარი5\",\n\t\"birthDate\": null,\n\t\"pn\": \"60001155445\",\n\t\"gender\": \"მამრობითი\",\n\t\"address\": \"tsereteli 1\",\n\t\"city\": \"kutaisi\",\n\t\"tel\": \"588888888\",\n\t\"tel1\": \"032858878\",\n\t\"email\": \"test@mail.ge\",\n\t\"createdBy\": 1\t\n\t\n}"},"parameters":[],"headers":[{"name":"Content-Type","value":"application/json"}],"authentication":{},"metaSortKey":-1700121047100,"isPrivate":false,"settingStoreCookies":true,"settingSendCookies":true,"settingDisableRenderRequestBody":false,"settingEncodeUrl":true,"settingRebuildPath":true,"settingFollowRedirects":"global","_type":"request"},{"_id":"fld_e926889e3e1941a9ab678b9936ed970e","parentId":"fld_0bc1d991c01d49979c2cf5a076141d05","modified":1700047702783,"created":1700047702783,"name":"Patients","description":"","environment":{},"environmentPropertyOrder":null,"metaSortKey":-1700047702783,"_type":"request_group"},{"_id":"fld_0bc1d991c01d49979c2cf5a076141d05","parentId":"wrk_d27ad79f1df3454f8361b8e1262fe537","modified":1700047660754,"created":1700047660754,"name":"Eyeline-soft","description":"","environment":{},"environmentPropertyOrder":null,"metaSortKey":-1700047660754,"_type":"request_group"},{"_id":"wrk_d27ad79f1df3454f8361b8e1262fe537","parentId":null,"modified":1687936957386,"created":1687936957386,"name":"eyeline","description":"","scope":"collection","_type":"workspace"},{"_id":"req_bd2ed9064fe74615b7d6f4f4033c8e07","parentId":"fld_e926889e3e1941a9ab678b9936ed970e","modified":1700129558702,"created":1700121501643,"url":"localhost:8000/api/patients","name":"Get Patients","description":"","method":"GET","body":{"mimeType":"application/json","text":""},"parameters":[],"headers":[{"name":"Content-Type","value":"application/json"}],"authentication":{},"metaSortKey":-1700121047050,"isPrivate":false,"settingStoreCookies":true,"settingSendCookies":true,"settingDisableRenderRequestBody":false,"settingEncodeUrl":true,"settingRebuildPath":true,"settingFollowRedirects":"global","_type":"request"},{"_id":"req_9f200aad46a44543b5ead1954e9c0c94","parentId":"fld_e926889e3e1941a9ab678b9936ed970e","modified":1700133505914,"created":1700122340017,"url":"localhost:8000/api/patients/10","name":"Get Single Patient","description":"","method":"GET","body":{"mimeType":"application/json","text":""},"parameters":[],"headers":[{"name":"Content-Type","value":"application/json"}],"authentication":{},"metaSortKey":-1700121047000,"isPrivate":false,"settingStoreCookies":true,"settingSendCookies":true,"settingDisableRenderRequestBody":false,"settingEncodeUrl":true,"settingRebuildPath":true,"settingFollowRedirects":"global","_type":"request"},{"_id":"req_806d4e2df8364b398f81c959c6e0459a","parentId":"fld_e926889e3e1941a9ab678b9936ed970e","modified":1700128361274,"created":1700128005187,"url":"localhost:8000/api/patients/2","name":"Update Patient Info","description":"","method":"PUT","body":{"mimeType":"application/json","text":"{\n\t\"name\": \"სახელი გვარი\",\n\t\"birthDate\": null,\n\t\"pn\": \"60001155445\",\n\t\"gender\": \"მდედრობითი\",\n\t\"address\": \"აღმაშენებლის 1\",\n\t\"city\": \"ქუთაისი\",\n\t\"tel\": \"588888888\",\n\t\"tel1\": \"032858878\",\n\t\"email\": \"test@mail.ge\",\n\t\"createdBy\": 1,\n\t\"createdAt\": null\n\t\n}"},"parameters":[],"headers":[{"name":"Content-Type","value":"application/json"}],"authentication":{},"metaSortKey":-1700121046950,"isPrivate":false,"settingStoreCookies":true,"settingSendCookies":true,"settingDisableRenderRequestBody":false,"settingEncodeUrl":true,"settingRebuildPath":true,"settingFollowRedirects":"global","_type":"request"},{"_id":"req_5d1b8c79681f4bab85470d1a2df4436a","parentId":"fld_e926889e3e1941a9ab678b9936ed970e","modified":1700128432938,"created":1700128416563,"url":"localhost:8000/api/patients/3","name":"Delete Patient","description":"","method":"DELETE","body":{"mimeType":"application/json","text":""},"parameters":[],"headers":[{"name":"Content-Type","value":"application/json"}],"authentication":{},"metaSortKey":-1700121046900,"isPrivate":false,"settingStoreCookies":true,"settingSendCookies":true,"settingDisableRenderRequestBody":false,"settingEncodeUrl":true,"settingRebuildPath":true,"settingFollowRedirects":"global","_type":"request"},{"_id":"req_600c98c86f00467db3bcaeffd5f28738","parentId":"fld_114d396577a5441bb2e82804383cfa19","modified":1700215266273,"created":1700215096194,"url":"localhost:8000/api/doctors/add","name":"Add Doctor","description":"","method":"POST","body":{"mimeType":"application/json","text":"{\n\t\"name\": \"მარიკა სორდია\",\n\t\"groupId\": 10\t\n}"},"parameters":[],"headers":[{"name":"Content-Type","value":"application/json"}],"authentication":{},"metaSortKey":-1700121047100,"isPrivate":false,"settingStoreCookies":true,"settingSendCookies":true,"settingDisableRenderRequestBody":false,"settingEncodeUrl":true,"settingRebuildPath":true,"settingFollowRedirects":"global","_type":"request"},{"_id":"fld_114d396577a5441bb2e82804383cfa19","parentId":"fld_0bc1d991c01d49979c2cf5a076141d05","modified":1700215096188,"created":1700215096188,"name":"Doctors","description":"","environment":{},"environmentPropertyOrder":null,"metaSortKey":-1700047681768.5,"_type":"request_group"},{"_id":"req_bee63e329172413280545f99deeb9f68","parentId":"fld_114d396577a5441bb2e82804383cfa19","modified":1700215308621,"created":1700215096201,"url":"localhost:8000/api/doctors","name":"Get Doctors","description":"","method":"GET","body":{"mimeType":"application/json","text":""},"parameters":[],"headers":[{"name":"Content-Type","value":"application/json"}],"authentication":{},"metaSortKey":-1700121047050,"isPrivate":false,"settingStoreCookies":true,"settingSendCookies":true,"settingDisableRenderRequestBody":false,"settingEncodeUrl":true,"settingRebuildPath":true,"settingFollowRedirects":"global","_type":"request"},{"_id":"req_f8c24093503f40099c76e3c3f74e8c4f","parentId":"fld_114d396577a5441bb2e82804383cfa19","modified":1700215406012,"created":1700215096208,"url":"localhost:8000/api/doctors/1","name":"Get Single Doctor","description":"","method":"GET","body":{"mimeType":"application/json","text":""},"parameters":[],"headers":[{"name":"Content-Type","value":"application/json"}],"authentication":{},"metaSortKey":-1700121047000,"isPrivate":false,"settingStoreCookies":true,"settingSendCookies":true,"settingDisableRenderRequestBody":false,"settingEncodeUrl":true,"settingRebuildPath":true,"settingFollowRedirects":"global","_type":"request"},{"_id":"req_c0bfb5adeaeb4fabb6b0c271c315ce45","parentId":"fld_114d396577a5441bb2e82804383cfa19","modified":1700215096213,"created":1700215096213,"url":"localhost:8000/api/patients/2","name":"Update Patient Info","description":"","method":"PUT","body":{"mimeType":"application/json","text":"{\n\t\"name\": \"სახელი გვარი\",\n\t\"birthDate\": null,\n\t\"pn\": \"60001155445\",\n\t\"gender\": \"მდედრობითი\",\n\t\"address\": \"აღმაშენებლის 1\",\n\t\"city\": \"ქუთაისი\",\n\t\"tel\": \"588888888\",\n\t\"tel1\": \"032858878\",\n\t\"email\": \"test@mail.ge\",\n\t\"createdBy\": 1,\n\t\"createdAt\": null\n\t\n}"},"parameters":[],"headers":[{"name":"Content-Type","value":"application/json"}],"authentication":{},"metaSortKey":-1700121046950,"isPrivate":false,"settingStoreCookies":true,"settingSendCookies":true,"settingDisableRenderRequestBody":false,"settingEncodeUrl":true,"settingRebuildPath":true,"settingFollowRedirects":"global","_type":"request"},{"_id":"req_b341571453b6403487f9891ba1314b03","parentId":"fld_114d396577a5441bb2e82804383cfa19","modified":1700215096219,"created":1700215096219,"url":"localhost:8000/api/patients/3","name":"Delete Patient","description":"","method":"DELETE","body":{"mimeType":"application/json","text":""},"parameters":[],"headers":[{"name":"Content-Type","value":"application/json"}],"authentication":{},"metaSortKey":-1700121046900,"isPrivate":false,"settingStoreCookies":true,"settingSendCookies":true,"settingDisableRenderRequestBody":false,"settingEncodeUrl":true,"settingRebuildPath":true,"settingFollowRedirects":"global","_type":"request"},{"_id":"req_09595fd84e304bcda591c7912e0153ce","parentId":"fld_91beab34545f4ff699e8e201efd500c5","modified":1700216771840,"created":1700216568358,"url":"localhost:8000/api/doctorsVisits/add","name":"Add Visit","description":"","method":"POST","body":{"mimeType":"application/json","text":"{\n\t\"doctorId\": \"1\",\n\t\"groupId\": 10,\t\n\t\"patientId\": \"2\",\n\t\"timeId\": 3\n}"},"parameters":[],"headers":[{"name":"Content-Type","value":"application/json"}],"authentication":{},"metaSortKey":-1700121047100,"isPrivate":false,"settingStoreCookies":true,"settingSendCookies":true,"settingDisableRenderRequestBody":false,"settingEncodeUrl":true,"settingRebuildPath":true,"settingFollowRedirects":"global","_type":"request"},{"_id":"fld_91beab34545f4ff699e8e201efd500c5","parentId":"fld_0bc1d991c01d49979c2cf5a076141d05","modified":1700216581973,"created":1700216568354,"name":"Doctors Visits","description":"","environment":{},"environmentPropertyOrder":null,"metaSortKey":-1700047671261.25,"_type":"request_group"},{"_id":"req_e3e706a7fdd448128fbdf9ec6da02573","parentId":"fld_91beab34545f4ff699e8e201efd500c5","modified":1700216796941,"created":1700216568363,"url":"localhost:8000/api/doctorsVisits","name":"Get Visits","description":"","method":"GET","body":{"mimeType":"application/json","text":""},"parameters":[],"headers":[{"name":"Content-Type","value":"application/json"}],"authentication":{},"metaSortKey":-1700121047050,"isPrivate":false,"settingStoreCookies":true,"settingSendCookies":true,"settingDisableRenderRequestBody":false,"settingEncodeUrl":true,"settingRebuildPath":true,"settingFollowRedirects":"global","_type":"request"},{"_id":"req_50b014a38aeb43fd91c3adcdfc363a13","parentId":"fld_91beab34545f4ff699e8e201efd500c5","modified":1700216812349,"created":1700216568371,"url":"localhost:8000/api/doctorsVisits/1","name":"Get Single Visit","description":"","method":"GET","body":{"mimeType":"application/json","text":""},"parameters":[],"headers":[{"name":"Content-Type","value":"application/json"}],"authentication":{},"metaSortKey":-1700121047000,"isPrivate":false,"settingStoreCookies":true,"settingSendCookies":true,"settingDisableRenderRequestBody":false,"settingEncodeUrl":true,"settingRebuildPath":true,"settingFollowRedirects":"global","_type":"request"},{"_id":"req_2db5b7a2a18447888dd9ea7b913b262f","parentId":"fld_91beab34545f4ff699e8e201efd500c5","modified":1700216568378,"created":1700216568378,"url":"localhost:8000/api/patients/2","name":"Update Patient Info","description":"","method":"PUT","body":{"mimeType":"application/json","text":"{\n\t\"name\": \"სახელი გვარი\",\n\t\"birthDate\": null,\n\t\"pn\": \"60001155445\",\n\t\"gender\": \"მდედრობითი\",\n\t\"address\": \"აღმაშენებლის 1\",\n\t\"city\": \"ქუთაისი\",\n\t\"tel\": \"588888888\",\n\t\"tel1\": \"032858878\",\n\t\"email\": \"test@mail.ge\",\n\t\"createdBy\": 1,\n\t\"createdAt\": null\n\t\n}"},"parameters":[],"headers":[{"name":"Content-Type","value":"application/json"}],"authentication":{},"metaSortKey":-1700121046950,"isPrivate":false,"settingStoreCookies":true,"settingSendCookies":true,"settingDisableRenderRequestBody":false,"settingEncodeUrl":true,"settingRebuildPath":true,"settingFollowRedirects":"global","_type":"request"},{"_id":"req_94574ffdaeb1464ebbc58dc7c1b4fdad","parentId":"fld_91beab34545f4ff699e8e201efd500c5","modified":1700216568384,"created":1700216568384,"url":"localhost:8000/api/patients/3","name":"Delete Patient","description":"","method":"DELETE","body":{"mimeType":"application/json","text":""},"parameters":[],"headers":[{"name":"Content-Type","value":"application/json"}],"authentication":{},"metaSortKey":-1700121046900,"isPrivate":false,"settingStoreCookies":true,"settingSendCookies":true,"settingDisableRenderRequestBody":false,"settingEncodeUrl":true,"settingRebuildPath":true,"settingFollowRedirects":"global","_type":"request"},{"_id":"env_232217bef254d60d6c663a1a3c4fb825044144e6","parentId":"wrk_d27ad79f1df3454f8361b8e1262fe537","modified":1687936957390,"created":1687936957390,"name":"Base Environment","data":{},"dataPropertyOrder":null,"color":null,"isPrivate":false,"metaSortKey":1687936957390,"_type":"environment"},{"_id":"jar_232217bef254d60d6c663a1a3c4fb825044144e6","parentId":"wrk_d27ad79f1df3454f8361b8e1262fe537","modified":1687936957393,"created":1687936957393,"name":"Default Jar","cookies":[],"_type":"cookie_jar"}]}